conceptid,PrefLabel,AltLabels,ParentConceptid,ConceptType,Provider 
HISTRES_TYPE_ID:1,Residential-Single Family,,HERITAGE_RESOURCE_TYPE_AUTHORITY_DOCUMENT.csv,Index,SurveyLA
HISTRES_TYPE_ID:2,Bungalow,,HISTRES_TYPE_ID:1,Index,SurveyLA
HISTRES_TYPE_ID:3,House,,HISTRES_TYPE_ID:1,Index,SurveyLA
HISTRES_TYPE_ID:4,Farm/Ranch House,,HISTRES_TYPE_ID:1,Index,SurveyLA
HISTRES_TYPE_ID:5,Estate,,HISTRES_TYPE_ID:1,Index,SurveyLA
HISTRES_TYPE_ID:6,Adobe,,HISTRES_TYPE_ID:1,Index,SurveyLA
HISTRES_TYPE_ID:7,Other,,HISTRES_TYPE_ID:1,Index,SurveyLA
HISTRES_TYPE_ID:8,Residential-District,,HERITAGE_RESOURCE_TYPE_AUTHORITY_DOCUMENT.csv,Index,SurveyLA
HISTRES_TYPE_ID:9,Residential Grouping,,HISTRES_TYPE_ID:8,Index,SurveyLA
HISTRES_TYPE_ID:10,Public Housing Complex,,HISTRES_TYPE_ID:8,Index,SurveyLA
HISTRES_TYPE_ID:11,Employer Built Worker Housing,,HISTRES_TYPE_ID:8,Index,SurveyLA
HISTRES_TYPE_ID:12,Garden Apartment Complex,,HISTRES_TYPE_ID:8,Index,SurveyLA
HISTRES_TYPE_ID:13,Multi-family District,,HISTRES_TYPE_ID:8,Index,SurveyLA
HISTRES_TYPE_ID:14,Mobile Home Park,,HISTRES_TYPE_ID:8,Index,SurveyLA
HISTRES_TYPE_ID:15,Other,,HISTRES_TYPE_ID:8,Index,SurveyLA
HISTRES_TYPE_ID:16,Residential-Suburb,,HERITAGE_RESOURCE_TYPE_AUTHORITY_DOCUMENT.csv,Index,SurveyLA
HISTRES_TYPE_ID:17,Streetcar Suburb,,HISTRES_TYPE_ID:16,Index,SurveyLA
HISTRES_TYPE_ID:18,Early Automobile Suburb,,HISTRES_TYPE_ID:16,Index,SurveyLA
HISTRES_TYPE_ID:19,Post World War II and Early Freeway Suburb,,HISTRES_TYPE_ID:16,Index,SurveyLA
HISTRES_TYPE_ID:20,Planned Development,,HISTRES_TYPE_ID:16,Index,SurveyLA
HISTRES_TYPE_ID:21,Subdivision,,HISTRES_TYPE_ID:16,Index,SurveyLA
HISTRES_TYPE_ID:22,Mixed Residential Development ,,HISTRES_TYPE_ID:16,Index,SurveyLA
HISTRES_TYPE_ID:23,Custom Home Subdivision,,HISTRES_TYPE_ID:16,Index,SurveyLA
HISTRES_TYPE_ID:24,Hillside Suburb,,HISTRES_TYPE_ID:16,Index,SurveyLA
HISTRES_TYPE_ID:25,Multi-family,,HISTRES_TYPE_ID:16,Index,SurveyLA
HISTRES_TYPE_ID:26,Country Club Suburb,,HISTRES_TYPE_ID:16,Index,SurveyLA
HISTRES_TYPE_ID:27,Other,,HISTRES_TYPE_ID:16,Index,SurveyLA
HISTRES_TYPE_ID:28,Residential-Ancillary Feature,,HERITAGE_RESOURCE_TYPE_AUTHORITY_DOCUMENT.csv,Index,SurveyLA
HISTRES_TYPE_ID:29,Carriage house,,HISTRES_TYPE_ID:28,Index,SurveyLA
HISTRES_TYPE_ID:30,Other,,HISTRES_TYPE_ID:28,Index,SurveyLA
HISTRES_TYPE_ID:31,Residential-Multi Family,,HERITAGE_RESOURCE_TYPE_AUTHORITY_DOCUMENT.csv,Index,SurveyLA
HISTRES_TYPE_ID:32,Duplex,,HISTRES_TYPE_ID:31,Index,SurveyLA
HISTRES_TYPE_ID:33,Triplex,,HISTRES_TYPE_ID:31,Index,SurveyLA
HISTRES_TYPE_ID:34,Fourplex,,HISTRES_TYPE_ID:31,Index,SurveyLA
HISTRES_TYPE_ID:35,Bungalow Court,,HISTRES_TYPE_ID:31,Index,SurveyLA
HISTRES_TYPE_ID:36,Courtyard Apartment,,HISTRES_TYPE_ID:31,Index,SurveyLA
HISTRES_TYPE_ID:37,Apartment House,,HISTRES_TYPE_ID:31,Index,SurveyLA
HISTRES_TYPE_ID:38,Apartment Tower,,HISTRES_TYPE_ID:31,Index,SurveyLA
HISTRES_TYPE_ID:39,Condominium,,HISTRES_TYPE_ID:31,Index,SurveyLA
HISTRES_TYPE_ID:40,Stucco Box/Dingbat,,HISTRES_TYPE_ID:31,Index,SurveyLA
HISTRES_TYPE_ID:41,Garden Apartment,,HISTRES_TYPE_ID:31,Index,SurveyLA
HISTRES_TYPE_ID:42,Other,,HISTRES_TYPE_ID:31,Index,SurveyLA
HISTRES_TYPE_ID:43,Commercial-Retail ,,HERITAGE_RESOURCE_TYPE_AUTHORITY_DOCUMENT.csv,Index,SurveyLA
HISTRES_TYPE_ID:44,Retail Store,,HISTRES_TYPE_ID:43,Index,SurveyLA
HISTRES_TYPE_ID:45,Department Store,,HISTRES_TYPE_ID:43,Index,SurveyLA
HISTRES_TYPE_ID:46,Neighborhood Market,,HISTRES_TYPE_ID:43,Index,SurveyLA
HISTRES_TYPE_ID:47,Supermarket,,HISTRES_TYPE_ID:43,Index,SurveyLA
HISTRES_TYPE_ID:48,Produce Market,,HISTRES_TYPE_ID:43,Index,SurveyLA
HISTRES_TYPE_ID:49,Chain Store,,HISTRES_TYPE_ID:43,Index,SurveyLA
HISTRES_TYPE_ID:50,Strip Mall,,HISTRES_TYPE_ID:43,Index,SurveyLA
HISTRES_TYPE_ID:51,Drive-thru Commercial,,HISTRES_TYPE_ID:43,Index,SurveyLA
HISTRES_TYPE_ID:52,Drive-in Commercial,,HISTRES_TYPE_ID:43,Index,SurveyLA
HISTRES_TYPE_ID:53,Other,,HISTRES_TYPE_ID:43,Index,SurveyLA
HISTRES_TYPE_ID:54,Commercial-Office,,HERITAGE_RESOURCE_TYPE_AUTHORITY_DOCUMENT.csv,Index,SurveyLA
HISTRES_TYPE_ID:55,Low Rise,,HISTRES_TYPE_ID:54,Index,SurveyLA
HISTRES_TYPE_ID:56,High Rise,,HISTRES_TYPE_ID:54,Index,SurveyLA
HISTRES_TYPE_ID:57,Other,,HISTRES_TYPE_ID:54,Index,SurveyLA
HISTRES_TYPE_ID:58,Commercial District,,HERITAGE_RESOURCE_TYPE_AUTHORITY_DOCUMENT.csv,Index,SurveyLA
HISTRES_TYPE_ID:59,Node,,HISTRES_TYPE_ID:58,Index,SurveyLA
HISTRES_TYPE_ID:60,Corridor,,HISTRES_TYPE_ID:58,Index,SurveyLA
HISTRES_TYPE_ID:61,Neighborhood/Village Commercial Center,,HISTRES_TYPE_ID:58,Index,SurveyLA
HISTRES_TYPE_ID:62,Shopping Center,,HISTRES_TYPE_ID:58,Index,SurveyLA
HISTRES_TYPE_ID:63,Shopping Mall,,HISTRES_TYPE_ID:58,Index,SurveyLA
HISTRES_TYPE_ID:64,Other,,HISTRES_TYPE_ID:58,Index,SurveyLA
HISTRES_TYPE_ID:65,Commercial-Lodging,,HERITAGE_RESOURCE_TYPE_AUTHORITY_DOCUMENT.csv,Index,SurveyLA
HISTRES_TYPE_ID:66,Hotel,,HISTRES_TYPE_ID:65,Index,SurveyLA
HISTRES_TYPE_ID:67,Boarding House,,HISTRES_TYPE_ID:65,Index,SurveyLA
HISTRES_TYPE_ID:68,Apartment Hotel,,HISTRES_TYPE_ID:65,Index,SurveyLA
HISTRES_TYPE_ID:69,Motel,,HISTRES_TYPE_ID:65,Index,SurveyLA
HISTRES_TYPE_ID:70,Other,,HISTRES_TYPE_ID:65,Index,SurveyLA
HISTRES_TYPE_ID:71,Commercial-Auto Related,,HERITAGE_RESOURCE_TYPE_AUTHORITY_DOCUMENT.csv,Index,SurveyLA
HISTRES_TYPE_ID:72,Gas/Service Station,,HISTRES_TYPE_ID:71,Index,SurveyLA
HISTRES_TYPE_ID:73,Carwash,,HISTRES_TYPE_ID:71,Index,SurveyLA
HISTRES_TYPE_ID:74,Service Station with Carwash,,HISTRES_TYPE_ID:71,Index,SurveyLA
HISTRES_TYPE_ID:75,Auto Body/Repair,,HISTRES_TYPE_ID:71,Index,SurveyLA
HISTRES_TYPE_ID:76,Car Sales/Auto Showroom,,HISTRES_TYPE_ID:71,Index,SurveyLA
HISTRES_TYPE_ID:77,Parking Structure,,HISTRES_TYPE_ID:71,Index,SurveyLA
HISTRES_TYPE_ID:78,Custom Car Builder,,HISTRES_TYPE_ID:71,Index,SurveyLA
HISTRES_TYPE_ID:79,Other,,HISTRES_TYPE_ID:71,Index,SurveyLA
HISTRES_TYPE_ID:80,Commercial-Food Service,,HERITAGE_RESOURCE_TYPE_AUTHORITY_DOCUMENT.csv,Index,SurveyLA
HISTRES_TYPE_ID:81,Fast Food (drive-thru and/or walk-in),,HISTRES_TYPE_ID:80,Index,SurveyLA
HISTRES_TYPE_ID:82,Restaurant/Tavern,,HISTRES_TYPE_ID:80,Index,SurveyLA
HISTRES_TYPE_ID:83,Bar/Lounge,,HISTRES_TYPE_ID:80,Index,SurveyLA
HISTRES_TYPE_ID:84,Cafeteria,,HISTRES_TYPE_ID:80,Index,SurveyLA
HISTRES_TYPE_ID:85,Other,,HISTRES_TYPE_ID:80,Index,SurveyLA
HISTRES_TYPE_ID:86,Commercial-Entertainment,,HERITAGE_RESOURCE_TYPE_AUTHORITY_DOCUMENT.csv,Index,SurveyLA
HISTRES_TYPE_ID:87,"Theater, Performance",,HISTRES_TYPE_ID:86,Index,SurveyLA
HISTRES_TYPE_ID:88,"Theater, Motion Picture",,HISTRES_TYPE_ID:86,Index,SurveyLA
HISTRES_TYPE_ID:89,Music club/night club,,HISTRES_TYPE_ID:86,Index,SurveyLA
HISTRES_TYPE_ID:90,Other,,HISTRES_TYPE_ID:86,Index,SurveyLA
HISTRES_TYPE_ID:91,Commercial-Sign,,HERITAGE_RESOURCE_TYPE_AUTHORITY_DOCUMENT.csv,Index,SurveyLA
HISTRES_TYPE_ID:92,Rooftop,,HISTRES_TYPE_ID:91,Index,SurveyLA
HISTRES_TYPE_ID:93,Marquee,,HISTRES_TYPE_ID:91,Index,SurveyLA
HISTRES_TYPE_ID:94,Sidewalk,,HISTRES_TYPE_ID:91,Index,SurveyLA
HISTRES_TYPE_ID:95,Projecting Blade ,,HISTRES_TYPE_ID:91,Index,SurveyLA
HISTRES_TYPE_ID:96,"Pylon, Pole, Stantion",,HISTRES_TYPE_ID:91,Index,SurveyLA
HISTRES_TYPE_ID:97,Painted Wall,,HISTRES_TYPE_ID:91,Index,SurveyLA
HISTRES_TYPE_ID:98,Other,,HISTRES_TYPE_ID:91,Index,SurveyLA
HISTRES_TYPE_ID:99,Commercial-Finance,,HERITAGE_RESOURCE_TYPE_AUTHORITY_DOCUMENT.csv,Index,SurveyLA
HISTRES_TYPE_ID:100,"Insurance, Stocks, etc.",,HISTRES_TYPE_ID:99,Index,SurveyLA
HISTRES_TYPE_ID:101,Bank/Savings & Loan,,HISTRES_TYPE_ID:99,Index,SurveyLA
HISTRES_TYPE_ID:102,Other,,HISTRES_TYPE_ID:99,Index,SurveyLA
HISTRES_TYPE_ID:103,Industrial-Agricultural,,HERITAGE_RESOURCE_TYPE_AUTHORITY_DOCUMENT.csv,Index,SurveyLA
HISTRES_TYPE_ID:104,Farm/Ranch House,,HISTRES_TYPE_ID:103,Index,SurveyLA
HISTRES_TYPE_ID:105,Agricultural Property,,HISTRES_TYPE_ID:103,Index,SurveyLA
HISTRES_TYPE_ID:106,Produce Market,,HISTRES_TYPE_ID:103,Index,SurveyLA
HISTRES_TYPE_ID:107,Industrial District,,HERITAGE_RESOURCE_TYPE_AUTHORITY_DOCUMENT.csv,Index,SurveyLA
HISTRES_TYPE_ID:108,Plant ,,HISTRES_TYPE_ID:107,Index,SurveyLA
HISTRES_TYPE_ID:109,Industrial Tract,,HISTRES_TYPE_ID:107,Index,SurveyLA
HISTRES_TYPE_ID:110,Industrial Park/Campus,,HISTRES_TYPE_ID:107,Index,SurveyLA
HISTRES_TYPE_ID:111,Industrial-Entertainment Industry,,HERITAGE_RESOURCE_TYPE_AUTHORITY_DOCUMENT.csv,Index,SurveyLA
HISTRES_TYPE_ID:112,Motion Picture Studio,,HISTRES_TYPE_ID:111,Index,SurveyLA
HISTRES_TYPE_ID:113,Motion Picture Related ,,HISTRES_TYPE_ID:111,Index,SurveyLA
HISTRES_TYPE_ID:114,Recording Studio or Related,,HISTRES_TYPE_ID:111,Index,SurveyLA
HISTRES_TYPE_ID:115,Television Broadcasting Studio or Related ,,HISTRES_TYPE_ID:111,Index,SurveyLA
HISTRES_TYPE_ID:116,Radio Broadcasting Studio or Related ,,HISTRES_TYPE_ID:111,Index,SurveyLA
HISTRES_TYPE_ID:117,Radio/TV Transmission Facilities/Microwave Tower,,HISTRES_TYPE_ID:111,Index,SurveyLA
HISTRES_TYPE_ID:118,Union Hall,,HISTRES_TYPE_ID:111,Index,SurveyLA
HISTRES_TYPE_ID:119,Other,,HISTRES_TYPE_ID:111,Index,SurveyLA
HISTRES_TYPE_ID:120,Industrial-Food Processing,,HERITAGE_RESOURCE_TYPE_AUTHORITY_DOCUMENT.csv,Index,SurveyLA
HISTRES_TYPE_ID:121,Bakery,,HISTRES_TYPE_ID:120,Index,SurveyLA
HISTRES_TYPE_ID:122,Bottling Plant,,HISTRES_TYPE_ID:120,Index,SurveyLA
HISTRES_TYPE_ID:123,Industrial-Aviation/Aerospace,,HERITAGE_RESOURCE_TYPE_AUTHORITY_DOCUMENT.csv,Index,SurveyLA
HISTRES_TYPE_ID:124,Hangar(s),,HISTRES_TYPE_ID:123,Index,SurveyLA
HISTRES_TYPE_ID:125,Aircraft Plant,,HISTRES_TYPE_ID:123,Index,SurveyLA
HISTRES_TYPE_ID:126,Industrial-Oil Production,,HERITAGE_RESOURCE_TYPE_AUTHORITY_DOCUMENT.csv,Index,SurveyLA
HISTRES_TYPE_ID:127,Refinery,,HISTRES_TYPE_ID:126,Index,SurveyLA
HISTRES_TYPE_ID:128,Oil Derrick,,HISTRES_TYPE_ID:126,Index,SurveyLA
HISTRES_TYPE_ID:129,Natural Gas Plant,,HISTRES_TYPE_ID:126,Index,SurveyLA
HISTRES_TYPE_ID:130,Institutional-Religious/Spiritual,,HERITAGE_RESOURCE_TYPE_AUTHORITY_DOCUMENT.csv,Index,SurveyLA
HISTRES_TYPE_ID:131,Cemetery/Mausoleum ,,HISTRES_TYPE_ID:130,Index,SurveyLA
HISTRES_TYPE_ID:132,Mission,,HISTRES_TYPE_ID:130,Index,SurveyLA
HISTRES_TYPE_ID:133,Church,,HISTRES_TYPE_ID:130,Index,SurveyLA
HISTRES_TYPE_ID:134,Temple,,HISTRES_TYPE_ID:130,Index,SurveyLA
HISTRES_TYPE_ID:135,Monastery,,HISTRES_TYPE_ID:130,Index,SurveyLA
HISTRES_TYPE_ID:136,Mosque,,HISTRES_TYPE_ID:130,Index,SurveyLA
HISTRES_TYPE_ID:137,Signage,,HISTRES_TYPE_ID:130,Index,SurveyLA
HISTRES_TYPE_ID:138,Religious Headquarters,,HISTRES_TYPE_ID:130,Index,SurveyLA
HISTRES_TYPE_ID:139,Parsonage,,HISTRES_TYPE_ID:130,Index,SurveyLA
HISTRES_TYPE_ID:140,Convent,,HISTRES_TYPE_ID:130,Index,SurveyLA
HISTRES_TYPE_ID:141,Religious School,,HISTRES_TYPE_ID:130,Index,SurveyLA
HISTRES_TYPE_ID:142,Other,,HISTRES_TYPE_ID:130,Index,SurveyLA
HISTRES_TYPE_ID:143,Institutional-Social Clubs/Meeting Halls,,HERITAGE_RESOURCE_TYPE_AUTHORITY_DOCUMENT.csv,Index,SurveyLA
HISTRES_TYPE_ID:144,Clubhouse,,HISTRES_TYPE_ID:143,Index,SurveyLA
HISTRES_TYPE_ID:145,Lodge,,HISTRES_TYPE_ID:143,Index,SurveyLA
HISTRES_TYPE_ID:146,Meeting Hall,,HISTRES_TYPE_ID:143,Index,SurveyLA
HISTRES_TYPE_ID:147,Other,,HISTRES_TYPE_ID:143,Index,SurveyLA
HISTRES_TYPE_ID:148,Institutional-Recreation,,HERITAGE_RESOURCE_TYPE_AUTHORITY_DOCUMENT.csv,Index,SurveyLA
HISTRES_TYPE_ID:149,Stadium,,HISTRES_TYPE_ID:148,Index,SurveyLA
HISTRES_TYPE_ID:150,Amusement Facility,,HISTRES_TYPE_ID:148,Index,SurveyLA
HISTRES_TYPE_ID:151,Sports Facility,,HISTRES_TYPE_ID:148,Index,SurveyLA
HISTRES_TYPE_ID:152,Camp or Trailer Camp Park,,HISTRES_TYPE_ID:148,Index,SurveyLA
HISTRES_TYPE_ID:153,Public Park,,HISTRES_TYPE_ID:148,Index,SurveyLA
HISTRES_TYPE_ID:154,Public Swimming Pool,,HISTRES_TYPE_ID:148,Index,SurveyLA
HISTRES_TYPE_ID:155,"Beach, Boating, Water Related",,HISTRES_TYPE_ID:148,Index,SurveyLA
HISTRES_TYPE_ID:156,Golf Course,,HISTRES_TYPE_ID:148,Index,SurveyLA
HISTRES_TYPE_ID:157,Other,,HISTRES_TYPE_ID:148,Index,SurveyLA
HISTRES_TYPE_ID:158,Institutional-Education,,HERITAGE_RESOURCE_TYPE_AUTHORITY_DOCUMENT.csv,Index,SurveyLA
HISTRES_TYPE_ID:159,College/University,,HISTRES_TYPE_ID:158,Index,SurveyLA
HISTRES_TYPE_ID:160,High School,,HISTRES_TYPE_ID:158,Index,SurveyLA
HISTRES_TYPE_ID:161,Elementary School,,HISTRES_TYPE_ID:158,Index,SurveyLA
HISTRES_TYPE_ID:162,School Administration Center/Service Center,,HISTRES_TYPE_ID:158,Index,SurveyLA
HISTRES_TYPE_ID:163,Fraternities and Sororities ,,HISTRES_TYPE_ID:158,Index,SurveyLA
HISTRES_TYPE_ID:164,Dormitory,,HISTRES_TYPE_ID:158,Index,SurveyLA
HISTRES_TYPE_ID:165,Pre-School,,HISTRES_TYPE_ID:158,Index,SurveyLA
HISTRES_TYPE_ID:166,Reform School,,HISTRES_TYPE_ID:158,Index,SurveyLA
HISTRES_TYPE_ID:167,Boarding School,,HISTRES_TYPE_ID:158,Index,SurveyLA
HISTRES_TYPE_ID:168,Language School,,HISTRES_TYPE_ID:158,Index,SurveyLA
HISTRES_TYPE_ID:169,Middle School,,HISTRES_TYPE_ID:158,Index,SurveyLA
HISTRES_TYPE_ID:170,Other,,HISTRES_TYPE_ID:158,Index,SurveyLA
HISTRES_TYPE_ID:171,Institutional-Health,,HERITAGE_RESOURCE_TYPE_AUTHORITY_DOCUMENT.csv,Index,SurveyLA
HISTRES_TYPE_ID:172,Hospital,,HISTRES_TYPE_ID:171,Index,SurveyLA
HISTRES_TYPE_ID:173,Nursing Home/Rest Home,,HISTRES_TYPE_ID:171,Index,SurveyLA
HISTRES_TYPE_ID:174,Medical/Dental Building or Clinic,,HISTRES_TYPE_ID:171,Index,SurveyLA
HISTRES_TYPE_ID:175,Mental Health Institution,,HISTRES_TYPE_ID:171,Index,SurveyLA
HISTRES_TYPE_ID:176,Veterinary Hospital/Clinic,,HISTRES_TYPE_ID:171,Index,SurveyLA
HISTRES_TYPE_ID:177,Sanitarium,,HISTRES_TYPE_ID:171,Index,SurveyLA
HISTRES_TYPE_ID:178,Other,,HISTRES_TYPE_ID:171,Index,SurveyLA
HISTRES_TYPE_ID:179,Institutional-Government,,HERITAGE_RESOURCE_TYPE_AUTHORITY_DOCUMENT.csv,Index,SurveyLA
HISTRES_TYPE_ID:180,Central Government Services,,HISTRES_TYPE_ID:179,Index,SurveyLA
HISTRES_TYPE_ID:181,City Hall/Administration ,,HISTRES_TYPE_ID:179,Index,SurveyLA
HISTRES_TYPE_ID:182,Police Station,,HISTRES_TYPE_ID:179,Index,SurveyLA
HISTRES_TYPE_ID:183,Fire Station,,HISTRES_TYPE_ID:179,Index,SurveyLA
HISTRES_TYPE_ID:184,Social Services/Welfare,,HISTRES_TYPE_ID:179,Index,SurveyLA
HISTRES_TYPE_ID:185,Postal Facility,,HISTRES_TYPE_ID:179,Index,SurveyLA
HISTRES_TYPE_ID:186,Library,,HISTRES_TYPE_ID:179,Index,SurveyLA
HISTRES_TYPE_ID:187,Court Building/Jail,,HISTRES_TYPE_ID:179,Index,SurveyLA
HISTRES_TYPE_ID:188,Civic Center,,HISTRES_TYPE_ID:179,Index,SurveyLA
HISTRES_TYPE_ID:189,Other,,HISTRES_TYPE_ID:179,Index,SurveyLA
HISTRES_TYPE_ID:190,Institutional-Visual & Performing Arts,,HERITAGE_RESOURCE_TYPE_AUTHORITY_DOCUMENT.csv,Index,SurveyLA
HISTRES_TYPE_ID:191,Art Center/Museum,,HISTRES_TYPE_ID:190,Index,SurveyLA
HISTRES_TYPE_ID:192,Monument,,HISTRES_TYPE_ID:190,Index,SurveyLA
HISTRES_TYPE_ID:193,Mural,,HISTRES_TYPE_ID:190,Index,SurveyLA
HISTRES_TYPE_ID:194,Folk Art,,HISTRES_TYPE_ID:190,Index,SurveyLA
HISTRES_TYPE_ID:195,Art Studio,,HISTRES_TYPE_ID:190,Index,SurveyLA
HISTRES_TYPE_ID:196,Amphitheater,,HISTRES_TYPE_ID:190,Index,SurveyLA
HISTRES_TYPE_ID:197,Auditorium  ,,HISTRES_TYPE_ID:190,Index,SurveyLA
HISTRES_TYPE_ID:198,Art School,,HISTRES_TYPE_ID:190,Index,SurveyLA
HISTRES_TYPE_ID:199,Concert Hall,,HISTRES_TYPE_ID:190,Index,SurveyLA
HISTRES_TYPE_ID:200,Public Art,,HISTRES_TYPE_ID:190,Index,SurveyLA
HISTRES_TYPE_ID:201,Sculpture,,HISTRES_TYPE_ID:190,Index,SurveyLA
HISTRES_TYPE_ID:202,Fountain,,HISTRES_TYPE_ID:190,Index,SurveyLA
HISTRES_TYPE_ID:203,Foundation Headquarters,,HISTRES_TYPE_ID:190,Index,SurveyLA
HISTRES_TYPE_ID:204,Other,,HISTRES_TYPE_ID:190,Index,SurveyLA
HISTRES_TYPE_ID:205,Institutional-Military,,HERITAGE_RESOURCE_TYPE_AUTHORITY_DOCUMENT.csv,Index,SurveyLA
HISTRES_TYPE_ID:206,Military Post/Base/Armory,,HISTRES_TYPE_ID:205,Index,SurveyLA
HISTRES_TYPE_ID:207,Coastal Defense Facilities,,HISTRES_TYPE_ID:205,Index,SurveyLA
HISTRES_TYPE_ID:208,Air Raid Sirens and Shelters,,HISTRES_TYPE_ID:205,Index,SurveyLA
HISTRES_TYPE_ID:209,Military Cemeteries,,HISTRES_TYPE_ID:205,Index,SurveyLA
HISTRES_TYPE_ID:210,USO Building,,HISTRES_TYPE_ID:205,Index,SurveyLA
HISTRES_TYPE_ID:211,Other,,HISTRES_TYPE_ID:205,Index,SurveyLA
HISTRES_TYPE_ID:212,Protest Site,,HISTRES_TYPE_ID:205,Index,SurveyLA
HISTRES_TYPE_ID:213,Organization Headquarters,,HISTRES_TYPE_ID:205,Index,SurveyLA
HISTRES_TYPE_ID:214,Other,,HISTRES_TYPE_ID:205,Index,SurveyLA
HISTRES_TYPE_ID:215,Infrastructure-Water & Power,,HERITAGE_RESOURCE_TYPE_AUTHORITY_DOCUMENT.csv,Index,SurveyLA
HISTRES_TYPE_ID:216,"Utility Building (Water, Electrical Power, Natural Gas)",,HISTRES_TYPE_ID:215,Index,SurveyLA
HISTRES_TYPE_ID:217,Canal/Aqueduct,,HISTRES_TYPE_ID:215,Index,SurveyLA
HISTRES_TYPE_ID:218,Dam and Flood Control,,HISTRES_TYPE_ID:215,Index,SurveyLA
HISTRES_TYPE_ID:219,Reservoir ,,HISTRES_TYPE_ID:215,Index,SurveyLA
HISTRES_TYPE_ID:220,Street Lights,,HISTRES_TYPE_ID:215,Index,SurveyLA
HISTRES_TYPE_ID:221,Sewers and Sewer Utilities,,HISTRES_TYPE_ID:215,Index,SurveyLA
HISTRES_TYPE_ID:222,Other,,HISTRES_TYPE_ID:215,Index,SurveyLA
HISTRES_TYPE_ID:223,Infrastructure-Transportation,,HERITAGE_RESOURCE_TYPE_AUTHORITY_DOCUMENT.csv,Index,SurveyLA
HISTRES_TYPE_ID:224,Pier/Wharf,,HISTRES_TYPE_ID:223,Index,SurveyLA
HISTRES_TYPE_ID:225,"Port, Harbor and Related",,HISTRES_TYPE_ID:223,Index,SurveyLA
HISTRES_TYPE_ID:226,Airport,,HISTRES_TYPE_ID:223,Index,SurveyLA
HISTRES_TYPE_ID:227,Street/Road/Highway/Freeway/Alley,,HISTRES_TYPE_ID:223,Index,SurveyLA
HISTRES_TYPE_ID:228,Bridge,,HISTRES_TYPE_ID:223,Index,SurveyLA
HISTRES_TYPE_ID:229,Tunnel,,HISTRES_TYPE_ID:223,Index,SurveyLA
HISTRES_TYPE_ID:230,Railroad/Streetcar Building-Depot,,HISTRES_TYPE_ID:223,Index,SurveyLA
HISTRES_TYPE_ID:231,Railroad/Streetcar Building-Interlocking Tower,,HISTRES_TYPE_ID:223,Index,SurveyLA
HISTRES_TYPE_ID:232,Railroad/Streetcar Building-Maintenance/Shops,,HISTRES_TYPE_ID:223,Index,SurveyLA
HISTRES_TYPE_ID:233,Railroad/Streetcar Rolling Stock,,HISTRES_TYPE_ID:223,Index,SurveyLA
HISTRES_TYPE_ID:234,Railroad/Streetcar Right-of-way,,HISTRES_TYPE_ID:223,Index,SurveyLA
HISTRES_TYPE_ID:235,Subway/Rapid Transit/Bus,,HISTRES_TYPE_ID:223,Index,SurveyLA
HISTRES_TYPE_ID:236,Street Furniture,,HISTRES_TYPE_ID:223,Index,SurveyLA
HISTRES_TYPE_ID:237,Public Stairs,,HISTRES_TYPE_ID:223,Index,SurveyLA
HISTRES_TYPE_ID:238,Other,,HISTRES_TYPE_ID:223,Index,SurveyLA
HISTRES_TYPE_ID:239,Public Places,,HERITAGE_RESOURCE_TYPE_AUTHORITY_DOCUMENT.csv,Index,SurveyLA
HISTRES_TYPE_ID:240,"Squares, intersections, promenades, vistas, etc.",,HISTRES_TYPE_ID:239,Index,SurveyLA
HISTRES_TYPE_ID:241,Interior Lobbies and Spaces,,HISTRES_TYPE_ID:239,Index,SurveyLA
HISTRES_TYPE_ID:242,Sites of Historical Events,,HISTRES_TYPE_ID:239,Index,SurveyLA
HISTRES_TYPE_ID:243,Other,,HISTRES_TYPE_ID:239,Index,SurveyLA
HISTRES_TYPE_ID:244,Landscape,,HERITAGE_RESOURCE_TYPE_AUTHORITY_DOCUMENT.csv,Index,SurveyLA
HISTRES_TYPE_ID:245,"Tree, Vegetation, or Natural Feature",,HISTRES_TYPE_ID:244,Index,SurveyLA
HISTRES_TYPE_ID:246,Designed Landscape,,HISTRES_TYPE_ID:244,Index,SurveyLA
HISTRES_TYPE_ID:247,Historic Vernacular Landscape,,HISTRES_TYPE_ID:244,Index,SurveyLA
HISTRES_TYPE_ID:248,Landscaped Median,,HISTRES_TYPE_ID:244,Index,SurveyLA
HISTRES_TYPE_ID:249,Commercial-Mixed,,HERITAGE_RESOURCE_TYPE_AUTHORITY_DOCUMENT.csv,Index,SurveyLA
HISTRES_TYPE_ID:250,Mixed Use - Commercial/Office/Residential,,HISTRES_TYPE_ID:249,Index,SurveyLA
HISTRES_TYPE_ID:251,Commercial,,HERITAGE_RESOURCE_TYPE_AUTHORITY_DOCUMENT.csv,Index,SurveyLA
HISTRES_TYPE_ID:252,Mortuary/Funeral Home,,HISTRES_TYPE_ID:251,Index,SurveyLA
HISTRES_TYPE_ID:253,Commercial-Food Service,,HERITAGE_RESOURCE_TYPE_AUTHORITY_DOCUMENT.csv,Index,SurveyLA
HISTRES_TYPE_ID:254,Walk-up Stand,,HISTRES_TYPE_ID:253,Index,SurveyLA
HISTRES_TYPE_ID:255,Drive-in,,HISTRES_TYPE_ID:253,Index,SurveyLA
HISTRES_TYPE_ID:256,Commercial-Entertainment,,HERITAGE_RESOURCE_TYPE_AUTHORITY_DOCUMENT.csv,Index,SurveyLA
HISTRES_TYPE_ID:257,Bowling Alley,,HISTRES_TYPE_ID:256,Index,SurveyLA
HISTRES_TYPE_ID:258,Miniature Golf,,HISTRES_TYPE_ID:256,Index,SurveyLA
HISTRES_TYPE_ID:259,Skating Rink,,HISTRES_TYPE_ID:256,Index,SurveyLA
HISTRES_TYPE_ID:260,Industrial,,HERITAGE_RESOURCE_TYPE_AUTHORITY_DOCUMENT.csv,Index,SurveyLA
HISTRES_TYPE_ID:261,Quonset Hut,,HISTRES_TYPE_ID:260,Index,SurveyLA
HISTRES_TYPE_ID:262,Other,,HISTRES_TYPE_ID:260,Index,SurveyLA
HISTRES_TYPE_ID:263,Industrial-Agricultural,,HERITAGE_RESOURCE_TYPE_AUTHORITY_DOCUMENT.csv,Index,SurveyLA
HISTRES_TYPE_ID:264,Cold Storage Warehouse,,HISTRES_TYPE_ID:263,Index,SurveyLA
HISTRES_TYPE_ID:265,Fish Processing Plant,,HISTRES_TYPE_ID:263,Index,SurveyLA
HISTRES_TYPE_ID:266,Packing House,,HISTRES_TYPE_ID:263,Index,SurveyLA
HISTRES_TYPE_ID:267,Grove/Orchard,,HISTRES_TYPE_ID:263,Index,SurveyLA
HISTRES_TYPE_ID:268,Vat/Brining Tank,,HISTRES_TYPE_ID:263,Index,SurveyLA
HISTRES_TYPE_ID:269,Barn/Stable,,HISTRES_TYPE_ID:263,Index,SurveyLA
HISTRES_TYPE_ID:270,Dairy,,HISTRES_TYPE_ID:263,Index,SurveyLA
HISTRES_TYPE_ID:271,Agricultural Landscape,,HISTRES_TYPE_ID:263,Index,SurveyLA
HISTRES_TYPE_ID:272,Other,,HISTRES_TYPE_ID:263,Index,SurveyLA
HISTRES_TYPE_ID:273,Industrial-Storage,,HERITAGE_RESOURCE_TYPE_AUTHORITY_DOCUMENT.csv,Index,SurveyLA
HISTRES_TYPE_ID:274,Warehouse,,HISTRES_TYPE_ID:273,Index,SurveyLA
HISTRES_TYPE_ID:275,Public Storage,,HISTRES_TYPE_ID:273,Index,SurveyLA
HISTRES_TYPE_ID:276,Other,,HISTRES_TYPE_ID:273,Index,SurveyLA
HISTRES_TYPE_ID:277,Industrial-Building and Construction,,HERITAGE_RESOURCE_TYPE_AUTHORITY_DOCUMENT.csv,Index,SurveyLA
HISTRES_TYPE_ID:278,Lumber Yard/Planing Mill,,HISTRES_TYPE_ID:277,Index,SurveyLA
HISTRES_TYPE_ID:279,Concrete Plant,,HISTRES_TYPE_ID:277,Index,SurveyLA
HISTRES_TYPE_ID:280,Carpentry Shop,,HISTRES_TYPE_ID:277,Index,SurveyLA
HISTRES_TYPE_ID:281,Metal Shop,,HISTRES_TYPE_ID:277,Index,SurveyLA
HISTRES_TYPE_ID:282,Stone/Masonry Fabricator,,HISTRES_TYPE_ID:277,Index,SurveyLA
HISTRES_TYPE_ID:283,Steel Mill,,HISTRES_TYPE_ID:277,Index,SurveyLA
HISTRES_TYPE_ID:284,Other,,HISTRES_TYPE_ID:277,Index,SurveyLA
HISTRES_TYPE_ID:285,Industrial-Oil Production,,HERITAGE_RESOURCE_TYPE_AUTHORITY_DOCUMENT.csv,Index,SurveyLA
HISTRES_TYPE_ID:286,Oil Company Facilities/Offices,,HISTRES_TYPE_ID:285,Index,SurveyLA
HISTRES_TYPE_ID:287,Other,,HISTRES_TYPE_ID:285,Index,SurveyLA
HISTRES_TYPE_ID:288,Industrial-Manufacturing,,HERITAGE_RESOURCE_TYPE_AUTHORITY_DOCUMENT.csv,Index,SurveyLA
HISTRES_TYPE_ID:289,Factory ,,HISTRES_TYPE_ID:288,Index,SurveyLA
HISTRES_TYPE_ID:290,Other,,HISTRES_TYPE_ID:288,Index,SurveyLA
HISTRES_TYPE_ID:291,Industrial-Garments and Textiles,,HERITAGE_RESOURCE_TYPE_AUTHORITY_DOCUMENT.csv,Index,SurveyLA
HISTRES_TYPE_ID:292,Garment Factory,,HISTRES_TYPE_ID:291,Index,SurveyLA
HISTRES_TYPE_ID:293,Textile Mill,,HISTRES_TYPE_ID:291,Index,SurveyLA
HISTRES_TYPE_ID:294,Other,,HISTRES_TYPE_ID:291,Index,SurveyLA
HISTRES_TYPE_ID:295,Industrial-Automotive,,HERITAGE_RESOURCE_TYPE_AUTHORITY_DOCUMENT.csv,Index,SurveyLA
HISTRES_TYPE_ID:296,Auto Parts Manufacturer,,HISTRES_TYPE_ID:295,Index,SurveyLA
HISTRES_TYPE_ID:297,Rubber Factory,,HISTRES_TYPE_ID:295,Index,SurveyLA
HISTRES_TYPE_ID:298,Custom Auto Shop,,HISTRES_TYPE_ID:295,Index,SurveyLA
HISTRES_TYPE_ID:299,Other,,HISTRES_TYPE_ID:295,Index,SurveyLA
HISTRES_TYPE_ID:300,Industrial-Food Processing,,HERITAGE_RESOURCE_TYPE_AUTHORITY_DOCUMENT.csv,Index,SurveyLA
HISTRES_TYPE_ID:301,Flour Mill,,HISTRES_TYPE_ID:300,Index,SurveyLA
HISTRES_TYPE_ID:302,Creamery,,HISTRES_TYPE_ID:300,Index,SurveyLA
HISTRES_TYPE_ID:303,Fish Processing ,,HISTRES_TYPE_ID:300,Index,SurveyLA
HISTRES_TYPE_ID:304,Other,,HISTRES_TYPE_ID:300,Index,SurveyLA
HISTRES_TYPE_ID:305,Industrial-Aviation/Aerospace,,HERITAGE_RESOURCE_TYPE_AUTHORITY_DOCUMENT.csv,Index,SurveyLA
HISTRES_TYPE_ID:306,Aerospace Plant,,HISTRES_TYPE_ID:305,Index,SurveyLA
HISTRES_TYPE_ID:307,Other,,HISTRES_TYPE_ID:305,Index,SurveyLA
HISTRES_TYPE_ID:308,Industrial District,,HERITAGE_RESOURCE_TYPE_AUTHORITY_DOCUMENT.csv,Index,SurveyLA
HISTRES_TYPE_ID:309,Other,,HISTRES_TYPE_ID:308,Index,SurveyLA
HISTRES_TYPE_ID:310,Landscape,,HERITAGE_RESOURCE_TYPE_AUTHORITY_DOCUMENT.csv,Index,SurveyLA
HISTRES_TYPE_ID:311,Other,,HISTRES_TYPE_ID:310,Index,SurveyLA
HISTRES_TYPE_ID:312,Infrastructure-Telecommunications,,HERITAGE_RESOURCE_TYPE_AUTHORITY_DOCUMENT.csv,Index,SurveyLA
HISTRES_TYPE_ID:313,Other,,HISTRES_TYPE_ID:312,Index,SurveyLA
HISTRES_TYPE_ID:314,Telephone Building,,HISTRES_TYPE_ID:312,Index,SurveyLA
HISTRES_TYPE_ID:315,Infrastructure-Transportation-Pedestrian,,HERITAGE_RESOURCE_TYPE_AUTHORITY_DOCUMENT.csv,Index,SurveyLA
HISTRES_TYPE_ID:316,Tunnel,,HISTRES_TYPE_ID:315,Index,SurveyLA
HISTRES_TYPE_ID:317,Institutional-Visual & Performing Arts,,HERITAGE_RESOURCE_TYPE_AUTHORITY_DOCUMENT.csv,Index,SurveyLA
HISTRES_TYPE_ID:318,Studio,,HISTRES_TYPE_ID:317,Index,SurveyLA
HISTRES_TYPE_ID:319,Garden,,HERITAGE_RESOURCE_TYPE_AUTHORITY_DOCUMENT.csv,Index,SurveyLA
HISTRES_TYPE_ID:320,Other,,HERITAGE_RESOURCE_TYPE_AUTHORITY_DOCUMENT.csv,Index,SurveyLA
HISTRES_TYPE_ID:321,Unknown/Not visible,,HERITAGE_RESOURCE_TYPE_AUTHORITY_DOCUMENT.csv,Index,SurveyLA
HISTRES_TYPE_ID:322,Vacant/Not in Use,,HERITAGE_RESOURCE_TYPE_AUTHORITY_DOCUMENT.csv,Index,SurveyLA
HISTRES_TYPE_ID:323,California Office of Historic Preservation Property Attributes,,HERITAGE_RESOURCE_TYPE_AUTHORITY_DOCUMENT.csv,Collector,CA OHP
HISTRES_TYPE_ID:324,HP01. Unknown,Unknown,HISTRES_TYPE_ID:323,Index,CA OHP
HISTRES_TYPE_ID:325,HP02. Single family property,Single family property,HISTRES_TYPE_ID:323,Index,CA OHP
HISTRES_TYPE_ID:326,HP03. Multiple family property,Multifamily property,HISTRES_TYPE_ID:323,Index,CA OHP
HISTRES_TYPE_ID:327,HP04 Ancillary building,Ancillary building,HISTRES_TYPE_ID:323,Index,CA OHP
HISTRES_TYPE_ID:328,HP05. Hotel/motel,Hotel/motel,HISTRES_TYPE_ID:323,Index,CA OHP
HISTRES_TYPE_ID:329,HP06. 1-3 story commercial building,1-3 story commercial building,HISTRES_TYPE_ID:323,Index,CA OHP
HISTRES_TYPE_ID:330,HP07. 3+ story commercial building,3+ story commercial building,HISTRES_TYPE_ID:323,Index,CA OHP
HISTRES_TYPE_ID:331,HP08. Industrial building,Industrial building,HISTRES_TYPE_ID:323,Index,CA OHP
HISTRES_TYPE_ID:332,HP09. Public utility building,Public utility building,HISTRES_TYPE_ID:323,Index,CA OHP
HISTRES_TYPE_ID:333,HP10. Theater,Theater,HISTRES_TYPE_ID:323,Index,CA OHP
HISTRES_TYPE_ID:334,HP11. Engineering structure,Engineering structure,HISTRES_TYPE_ID:323,Index,CA OHP
HISTRES_TYPE_ID:335,HP12. Civic auditorium,Civic auditorium,HISTRES_TYPE_ID:323,Index,CA OHP
HISTRES_TYPE_ID:336,HP13. Community center/social hall,Community center/social hall,HISTRES_TYPE_ID:323,Index,CA OHP
HISTRES_TYPE_ID:337,HP14. Government building,Government building,HISTRES_TYPE_ID:323,Index,CA OHP
HISTRES_TYPE_ID:338,HP15. Educational building,Educational building,HISTRES_TYPE_ID:323,Index,CA OHP
HISTRES_TYPE_ID:339,HP16. Religious building,Religious building,HISTRES_TYPE_ID:323,Index,CA OHP
HISTRES_TYPE_ID:340,HP17. Railroad depot,Railroad depot,HISTRES_TYPE_ID:323,Index,CA OHP
HISTRES_TYPE_ID:341,HP18. Train,Train,HISTRES_TYPE_ID:323,Index,CA OHP
HISTRES_TYPE_ID:342,HP19. Bridge,Bridge,HISTRES_TYPE_ID:323,Index,CA OHP
HISTRES_TYPE_ID:343,HP20. Canal/aqueduct,Canal/aqueduct,HISTRES_TYPE_ID:323,Index,CA OHP
HISTRES_TYPE_ID:344,HP21. Dam,Dam,HISTRES_TYPE_ID:323,Index,CA OHP
HISTRES_TYPE_ID:345,HP22. Lake/river/reservoir,Lake/river/reservoir,HISTRES_TYPE_ID:323,Index,CA OHP
HISTRES_TYPE_ID:346,HP23. Ship,Ship,HISTRES_TYPE_ID:323,Index,CA OHP
HISTRES_TYPE_ID:347,HP24. Lighthouse,Lighthouse,HISTRES_TYPE_ID:323,Index,CA OHP
HISTRES_TYPE_ID:348,HP25. Amusement park,Amusement Park,HISTRES_TYPE_ID:323,Index,CA OHP
HISTRES_TYPE_ID:349,HP26. Monument/mural/gravestone,Monument/mural/gravestone,HISTRES_TYPE_ID:323,Index,CA OHP
HISTRES_TYPE_ID:350,HP27. Folk Art,Folk Art,HISTRES_TYPE_ID:323,Index,CA OHP
HISTRES_TYPE_ID:351,HP28. Street furniture,Street furniture,HISTRES_TYPE_ID:323,Index,CA OHP
HISTRES_TYPE_ID:352,HP29. Landscape architecture,Landscape architecture,HISTRES_TYPE_ID:323,Index,CA OHP
HISTRES_TYPE_ID:353,HP30. Trees/vegetation,Trees/vegetation,HISTRES_TYPE_ID:323,Index,CA OHP
HISTRES_TYPE_ID:354,HP31. Urban open space,Urban open space,HISTRES_TYPE_ID:323,Index,CA OHP
HISTRES_TYPE_ID:355,HP32. Rural open space,Rual open space,HISTRES_TYPE_ID:323,Index,CA OHP
HISTRES_TYPE_ID:356,HP33. Farm/ranch,Farm/ranch,HISTRES_TYPE_ID:323,Index,CA OHP
HISTRES_TYPE_ID:357,HP34. Military property,Military property,HISTRES_TYPE_ID:323,Index,CA OHP
HISTRES_TYPE_ID:358,HP35. CCC/WPA property,CCC/WPA property,HISTRES_TYPE_ID:323,Index,CA OHP
HISTRES_TYPE_ID:359,HP36. Ethnic minority property (list group),Ethnic minority property (list group),HISTRES_TYPE_ID:323,Index,CA OHP
HISTRES_TYPE_ID:360,HP37. Highway/trail,Highway/trail,HISTRES_TYPE_ID:323,Index,CA OHP
HISTRES_TYPE_ID:361,HP38. Women's property,Women's property,HISTRES_TYPE_ID:323,Index,CA OHP
HISTRES_TYPE_ID:362,HP39. Other,Other,HISTRES_TYPE_ID:323,Index,CA OHP
HISTRES_TYPE_ID:363,HP40. Cemetery,Cemetery,HISTRES_TYPE_ID:323,Index,CA OHP
HISTRES_TYPE_ID:364,HP41. Hospital,Hospital,HISTRES_TYPE_ID:323,Index,CA OHP
HISTRES_TYPE_ID:365,HP42. Stadium/sports arena,Stadium/sports arena,HISTRES_TYPE_ID:323,Index,CA OHP
HISTRES_TYPE_ID:366,HP43. Mine structure/building,Mine structure/building,HISTRES_TYPE_ID:323,Index,CA OHP
HISTRES_TYPE_ID:367,HP44. Adobe building/structure,Adobe building/structure,HISTRES_TYPE_ID:323,Index,CA OHP
HISTRES_TYPE_ID:368,HP45. Unreinforced masonry building,Unreinforced masonry building,HISTRES_TYPE_ID:323,Index,CA OHP
HISTRES_TYPE_ID:369,HP46. Walls/gates/fences,Walls/gates/fences,HISTRES_TYPE_ID:323,Index,CA OHP
